Workbook

Sheet How to sign up
B2: Project sign-up — Data & AI Product (MSA-DAT07-04) · Albert School
B3: Shared project with Agentic Workflows · teams of 4–5 · same team and same agent in both courses
B5: What is “the project”?
B6: Your team's project for the whole course: an AI customer-support agent for a B2B software (SaaS) company, the same agent and the same team as in Agentic Workflows. There you build and test it; here you decide whether it should ship, and you pitch it at the final oral. You start from one of eight proposals (P1–P8, Projects tab) or bring your own idea.
B8: 1. Find your cohort's two tabs
B9: INTER-1 Teams + INTER-1 Students, or INTER-2 Teams + INTER-2 Students. Do not write in the other cohort's tabs.
B11: 2. One student per team fills in the team row
B12: In your cohort's Teams tab: team name, project (drop-down list), contact person, repository link. Pick a free team number — do not overwrite another team.
B14: 3. Choose your project
B15: One of the eight proposals P1–P8 (details in the Projects tab and in the project document), or “Own project”. For your own project, write the agent's job in one sentence — “When [trigger], the agent [does], producing [outcome]” — and commit 00_pitch.md before Session 3.
B17: 4. Every student fills in their own row
B18: In your cohort's Students tab: name, school email, Git handle and team number. The project appears automatically from your team's row.
... B26: Yellow cells = to fill in · grey cells = calculated automatically, do not type in them.

Sheet Projects
A1: The eight proposals — or your own
A2: Full details, numbers and the bring-your-own checklist are in the project document.
A4: Code | B4: Project (as in the drop-down list) | C4: Company | D4: The agent's job | E4: Trust level | F4: The trap
A5: P1 | B5: P1 · Tier-1 deflection — HR & payroll SaaS | C5: HR & payroll SaaS | D5: Answers documentation questions in the in-app widget, cites the article, escalates anything touching pay figures | E5: L3 docs · L1 on money | F5: Seasonal drift; legal deadlines that differ by country
A6: P2 | B6: P2 · Agent-assist copilot — B2B payments fintech | C6: Fintech (B2B payments) | D6: Pre-reads the account and drafts the reply for the human agent; never answers the customer itself | E6: L2 | F6: A wrong transaction match is worse than no draft
A7: P3 | B7: P3 · Proactive incident communicator — DevOps SaaS | C7: DevOps / observability SaaS | D7: Clusters tickets during an outage, drafts the status update, replies to affected customers | E7: L2 first message · L4 follow-ups | F7: False clustering; incidents are hard to A/B test
A8: P4 | B8: P4 · Refund & cancellation agent — e-commerce logistics | C8: E-commerce logistics SaaS | D8: Checks eligibility, executes refunds under a threshold, escalates above | E8: L4 < €20 · L2 €20–100 · L1 above | F8: Loses money (over-refunds) or customers (wrong refusals) silently
A9: P5 | B9: P5 · Multilingual support agent — ed-tech LMS | C9: Ed-tech LMS, 14 countries | D9: Answers in the customer's language from an English knowledge base; routes sensitive requests to a native speaker | E9: L3 per language | F9: Simpson's paradox: small languages get worse while the average improves
A10: P6 | B10: P6 · Churn-prevention support agent — project-management SaaS | C10: Project-management SaaS | D10: Resolves the ticket, spots churn signals, offers a retention action when the churn model flags the account | E10: L3 support · L2 retention offer | F10: The real metric (90-day retention) is too slow for an A/B test
A11: P7 | B11: P7 · SLA-aware prioritisation — cybersecurity SaaS | C11: Cybersecurity SaaS (enterprise SLAs) | D11: Classifies severity, proposes troubleshooting steps; never contacts the customer | E11: L4 internal · L2 customer | F11: Missing a real P1 is rare but catastrophic; logs cannot leave
A12: P8 | B12: P8 · Voice-of-customer synthesis — hospitality-tech SaaS | C12: Hospitality-tech SaaS (reviews.csv) | D12: Explains to a hotel why its rating moved: themes, top three issues, change vs last quarter | E12: L2 | F12: A synthesis is a judgement, not a fact — needs human graders
A13: OWN | B13: Own project (bring your own — 00_pitch.md before Session 3) | C13: Your choice — a B2B SaaS | D13: Must stay a customer-support agent for a B2B SaaS and pass the 7-point checklist | E13: At least one step below L4 | F13: Usually refused: an AI that answers everything, a B2C chatbot, satisfaction as the only metric

Sheet INTER-1 Teams
A1: INTER-1 — teams
A2: About 33 students · teams of 4–5 · one row per team, filled in by one member · then each student signs in the “INTER-1 Students” tab · yellow = fill in, grey = automatic
A4: Team # | B4: Team name | C4: Project | D4: Own project only — the agent's job in one sentence | E4: Contact person | F4: Repository link | G4: Same team in Agentic Workflows? | H4: Members
A5: e.g. | B5: Team Lighthouse | C5: P8 · Voice-of-customer synthesis — hospitality-tech SaaS | E5: Léa Martin | F5: github.com/…/lighthouse-agent | G5: yes | H5: 5
A6: 1 | B6: Team Montagne | C6: Own project (bring your own — 00_pitch.md before Session 3) | D6: Let me think.... | E6: Benjamin Caujolle | F6: https://github.com/BenjaminAHS/project-product-management | G6: no | H6: =IF(COUNTIF('INTER-1 Students'!$E$6:$E$42,A6)=0,"",COUNTIF('INTER-1 Students'!$E$6:$E$42,A6)) -> 5
A7: 2 | B7: Lucas Duthu-Paloumet Mathilde Maudet Emma Neumayer Laura Oldakowski Ariane Boulet | C7: Own project (bring your own — 00_pitch.md before Session 3) | D7: TBC | E7: Mathilde Maudet | F7: https://github.com/lucasduthu/Data-AI-Product-P5-Ed-tech-LMS.git | G7: no | H7: 5
A8: 3 | B8: Viviam Baiz Hoang Ngoc Miguel Negron Clara Chaume | C8: P6 · Churn-prevention support agent — project-management SaaS | D8: tbd | E8: Viviam Baiz | F8: https://github.com/vbaiz/Data_AI_Product_Project | G8: no | H8: 4
A9: 4 | B9: Santiago Pastrana Louise Caquelin Saumya Joshi Dhia Ben Cheikh | C9: P2 · Agent-assist copilot — B2B payments fintech | E9: DHIA | F9: https://github.com/lcaquelin/Data_AI_product.git | G9: no | H9: 4
A10: 5 | B10: Clémence Marco Andrian Raveloarimanga | C10: P4 · Refund & cancellation agent — e-commerce logistics | E10: Clémence Marco | G10: yes | H10: 2
A11: 6 | B11: Omar Abdellatif Emile Gadenne Anas Mossad | C11: P1 · Tier-1 deflection — HR & payroll SaaS | E11: Omar Abdellatif | F11: https://github.com/egadenne-ai/data-ai_product_m2.git | G11: yes | H11: 3
A12: 7 | B12: Team 7 | C12: P8 · Voice-of-customer synthesis — hospitality-tech SaaS | E12: Enzo Méret | F12: https://github.com/urbltalbert/Data-AI-Product---From-Diagnosis-to-Delivery | G12: yes | H12: =IF(COUNTIF('INTER-1 Students'!$E$6:$E$42,A12)=0,"",COUNTIF('INTER-1 Students'!$E$6:$E$42,A12)) -> 2
B13: Galthié Jane - Saoudi Malek - Grandjean Luna | C13: Luna Grandjean | F13: https://github.com/LunaGrandjean/Cybersecurity-SaaS | G13: no | H13: 3
A14: 8 | B14: Till Lüder Evaluna Barth Benjamin Rasson Teo Desquatrevaux Coline Renauld | C14: P3 · Proactive incident communicator — DevOps SaaS | E14: Till Lüder | G14: no | H14: 5
A16: Orange = check: team size not 4–5, own project without its one-sentence job, or a proposal above the limit set in Overview.

Sheet INTER-1 Students
A1: INTER-1 — students
A2: One row per student, filled in by each student · team number from the “INTER-1 Teams” tab (1–8) · the project appears automatically · yellow = fill in, grey = automatic
A4: # | B4: Last name | C4: First name | D4: School email | E4: Team # | F4: Git handle | G4: Project (automatic) | H4: Team name (automatic)
A5: e.g. | B5: Martin | C5: Léa | D5: firstname.lastname@… | E5: 1 | F5: leamartin | G5: (from the team row) | H5: (automatic)
A6: 1 | B6: Méret | C6: Enzo | D6: emeret@albertschool.com | E6: 7 | F6: emeret-as | G6: {=IF($E6="","",IFERROR(IF(INDEX('INTER-1 Teams'!$C$6:$C$14,MATCH($E6,'INTER-1 Teams'!$A$6:$A$14,0))="","— team row not filled yet —",INDEX('INTER-1 Teams'!$C$6:$C$14,MATCH($E6,'INTER-1 Teams'!$A$6:$A$14,0))),"— check the team number —"))} -> P8 · Voice-of-customer synthesis — hospitality-tech SaaS | H6: {=IF($E6="","",IFERROR(IF(INDEX('INTER-1 Teams'!$B$6:$B$14,MATCH($E6,'INTER-1 Teams'!$A$6:$A$14,0))="","",INDEX('INTER-1 Teams'!$B$6:$B$14,MATCH($E6,'INTER-1 Teams'!$A$6:$A$14,0))),""))} -> Team 7
A7: 2 | B7: Lüder | C7: Till | D7: tluder@albertschool.com | E7: 8 | F7: tluder-dot | G7: {=IF($E7="","",IFERROR(IF(INDEX('INTER-1 Teams'!$C$6:$C$14,MATCH($E7,'INTER-1 Teams'!$A$6:$A$14,0))="","— team row not filled yet —",INDEX('INTER-1 Teams'!$C$6:$C$14,MATCH($E7,'INTER-1 Teams'!$A$6:$A$14,0))),"— check the team number —"))} -> P3 · Proactive incident communicator — DevOps SaaS | H7: {=IF($E7="","",IFERROR(IF(INDEX('INTER-1 Teams'!$B$6:$B$14,MATCH($E7,'INTER-1 Teams'!$A$6:$A$14,0))="","",INDEX('INTER-1 Teams'!$B$6:$B$14,MATCH($E7,'INTER-1 Teams'!$A$6:$A$14,0))),""))} -> Till Lüder Evaluna Barth Benjamin Rasson Teo Desquatrevaux Coline Renauld
A8: 3 | B8: Boulet | C8: Ariane | D8: aboulet@albertschool.com | E8: 2 | F8: aboulet13 | G8: {=IF($E8="","",IFERROR(IF(INDEX('INTER-1 Teams'!$C$6:$C$14,MATCH($E8,'INTER-1 Teams'!$A$6:$A$14,0))="","— team row not filled yet —",INDEX('INTER-1 Teams'!$C$6:$C$14,MATCH($E8,'INTER-1 Teams'!$A$6:$A$14,0))),"— check the team number —"))} -> Own project (bring your own — 00_pitch.md before Session 3) | H8: {=IF($E8="","",IFERROR(IF(INDEX('INTER-1 Teams'!$B$6:$B$14,MATCH($E8,'INTER-1 Teams'!$A$6:$A$14,0))="","",INDEX('INTER-1 Teams'!$B$6:$B$14,MATCH($E8,'INTER-1 Teams'!$A$6:$A$14,0))),""))} -> Lucas Duthu-Paloumet Mathilde Maudet Emma Neumayer Laura Oldakowski Ariane Boulet
A9: 4 | B9: Barth | C9: Evaluna | D9: ebarth@albertschool.com | E9: 8 | F9: evalunab | G9: {=IF($E9="","",IFERROR(IF(INDEX('INTER-1 Teams'!$C$6:$C$14,MATCH($E9,'INTER-1 Teams'!$A$6:$A$14,0))="","— team row not filled yet —",INDEX('INTER-1 Teams'!$C$6:$C$14,MATCH($E9,'INTER-1 Teams'!$A$6:$A$14,0))),"— check the team number —"))} -> P3 · Proactive incident communicator — DevOps SaaS | H9: {=IF($E9="","",IFERROR(IF(INDEX('INTER-1 Teams'!$B$6:$B$14,MATCH($E9,'INTER-1 Teams'!$A$6:$A$14,0))="","",INDEX('INTER-1 Teams'!$B$6:$B$14,MATCH($E9,'INTER-1 Teams'!$A$6:$A$14,0))),""))} -> Till Lüder Evaluna Barth Benjamin Rasson Teo Desquatrevaux Coline Renauld
A10: 5 | G10: {=IF($E10="","",IFERROR(IF(INDEX('INTER-1 Teams'!$C$6:$C$14,MATCH($E10,'INTER-1 Teams'!$A$6:$A$14,0))="","— team row not filled yet —",INDEX('INTER-1 Teams'!$C$6:$C$14,MATCH($E10,'INTER-1 Teams'!$A$6:$A$14,0))),"— check the team number —"))} | H10: {=IF($E10="","",IFERROR(IF(INDEX('INTER-1 Teams'!$B$6:$B$14,MATCH($E10,'INTER-1 Teams'!$A$6:$A$14,0))="","",INDEX('INTER-1 Teams'!$B$6:$B$14,MATCH($E10,'INTER-1 Teams'!$A$6:$A$14,0))),""))}
A11: 6 | B11: Caujolle | C11: Benjamin | D11: bcaujolle@albertschool.com | E11: 1 | F11: BenjaminAHS | G11: {=IF($E11="","",IFERROR(IF(INDEX('INTER-1 Teams'!$C$6:$C$14,MATCH($E11,'INTER-1 Teams'!$A$6:$A$14,0))="","— team row not filled yet —",INDEX('INTER-1 Teams'!$C$6:$C$14,MATCH($E11,'INTER-1 Teams'!$A$6:$A$14,0))),"— check the team number —"))} -> Own project (bring your own — 00_pitch.md before Session 3) | H11: {=IF($E11="","",IFERROR(IF(INDEX('INTER-1 Teams'!$B$6:$B$14,MATCH($E11,'INTER-1 Teams'!$A$6:$A$14,0))="","",INDEX('INTER-1 Teams'!$B$6:$B$14,MATCH($E11,'INTER-1 Teams'!$A$6:$A$14,0))),""))} -> Team Montagne
A12: 7 | B12: Santus | C12: Lenny | D12: lsantus@albertschool.com | E12: 1 | F12: lsantus-mines | G12: {=IF($E12="","",IFERROR(IF(INDEX('INTER-1 Teams'!$C$6:$C$14,MATCH($E12,'INTER-1 Teams'!$A$6:$A$14,0))="","— team row not filled yet —",INDEX('INTER-1 Teams'!$C$6:$C$14,MATCH($E12,'INTER-1 Teams'!$A$6:$A$14,0))),"— check the team number —"))} -> Own project (bring your own — 00_pitch.md before Session 3) | H12: {=IF($E12="","",IFERROR(IF(INDEX('INTER-1 Teams'!$B$6:$B$14,MATCH($E12,'INTER-1 Teams'!$A$6:$A$14,0))="","",INDEX('INTER-1 Teams'!$B$6:$B$14,MATCH($E12,'INTER-1 Teams'!$A$6:$A$14,0))),""))} -> Team Montagne
A13: 8 | B13: Rabeau | C13: Antoine | D13: arabeau@albertschool.com | E13: 1 | F13: antorabo75 | G13: {=IF($E13="","",IFERROR(IF(INDEX('INTER-1 Teams'!$C$6:$C$14,MATCH($E13,'INTER-1 Teams'!$A$6:$A$14,0))="","— team row not filled yet —",INDEX('INTER-1 Teams'!$C$6:$C$14,MATCH($E13,'INTER-1 Teams'!$A$6:$A$14,0))),"— check the team number —"))} -> Own project (bring your own — 00_pitch.md before Session 3) | H13: {=IF($E13="","",IFERROR(IF(INDEX('INTER-1 Teams'!$B$6:$B$14,MATCH($E13,'INTER-1 Teams'!$A$6:$A$14,0))="","",INDEX('INTER-1 Teams'!$B$6:$B$14,MATCH($E13,'INTER-1 Teams'!$A$6:$A$14,0))),""))} -> Team Montagne
A14: 9 | B14: Rascle | C14: Anthony | D14: arascle@albertschool.com | E14: 1 | F14: antotototototo18 | G14: {=IF($E14="","",IFERROR(IF(INDEX('INTER-1 Teams'!$C$6:$C$14,MATCH($E14,'INTER-1 Teams'!$A$6:$A$14,0))="","— team row not filled yet —",INDEX('INTER-1 Teams'!$C$6:$C$14,MATCH($E14,'INTER-1 Teams'!$A$6:$A$14,0))),"— check the team number —"))} -> Own project (bring your own — 00_pitch.md before Session 3) | H14: {=IF($E14="","",IFERROR(IF(INDEX('INTER-1 Teams'!$B$6:$B$14,MATCH($E14,'INTER-1 Teams'!$A$6:$A$14,0))="","",INDEX('INTER-1 Teams'!$B$6:$B$14,MATCH($E14,'INTER-1 Teams'!$A$6:$A$14,0))),""))} -> Team Montagne
A15: 10 | B15: Sibieude | C15: Colin | D15: csibieude@albertschool.com | E15: 1 | F15: csib-wq | G15: {=IF($E15="","",IFERROR(IF(INDEX('INTER-1 Teams'!$C$6:$C$14,MATCH($E15,'INTER-1 Teams'!$A$6:$A$14,0))="","— team row not filled yet —",INDEX('INTER-1 Teams'!$C$6:$C$14,MATCH($E15,'INTER-1 Teams'!$A$6:$A$14,0))),"— check the team number —"))} -> Own project (bring your own — 00_pitch.md before Session 3) | H15: {=IF($E15="","",IFERROR(IF(INDEX('INTER-1 Teams'!$B$6:$B$14,MATCH($E15,'INTER-1 Teams'!$A$6:$A$14,0))="","",INDEX('INTER-1 Teams'!$B$6:$B$14,MATCH($E15,'INTER-1 Teams'!$A$6:$A$14,0))),""))} -> Team Montagne
A16: 11 | B16: Baiz | C16: Viviam | D16: vbaiz@albertschool.com | E16: 3 | F16: vbaiz | G16: {=IF($E16="","",IFERROR(IF(INDEX('INTER-1 Teams'!$C$6:$C$14,MATCH($E16,'INTER-1 Teams'!$A$6:$A$14,0))="","— team row not filled yet —",INDEX('INTER-1 Teams'!$C$6:$C$14,MATCH($E16,'INTER-1 Teams'!$A$6:$A$14,0))),"— check the team number —"))} -> P6 · Churn-prevention support agent — project-management SaaS | H16: {=IF($E16="","",IFERROR(IF(INDEX('INTER-1 Teams'!$B$6:$B$14,MATCH($E16,'INTER-1 Teams'!$A$6:$A$14,0))="","",INDEX('INTER-1 Teams'!$B$6:$B$14,MATCH($E16,'INTER-1 Teams'!$A$6:$A$14,0))),""))} -> Viviam Baiz Hoang Ngoc Miguel Negron Clara Chaume
A17: 12 | B17: Negron | C17: Miguel | D17: mnegron@albertschool.com | E17: 3 | F17: mnegron-cloud | G17: {=IF($E17="","",IFERROR(IF(INDEX('INTER-1 Teams'!$C$6:$C$14,MATCH($E17,'INTER-1 Teams'!$A$6:$A$14,0))="","— team row not filled yet —",INDEX('INTER-1 Teams'!$C$6:$C$14,MATCH($E17,'INTER-1 Teams'!$A$6:$A$14,0))),"— check the team number —"))} -> P6 · Churn-prevention support agent — project-management SaaS | H17: {=IF($E17="","",IFERROR(IF(INDEX('INTER-1 Teams'!$B$6:$B$14,MATCH($E17,'INTER-1 Teams'!$A$6:$A$14,0))="","",INDEX('INTER-1 Teams'!$B$6:$B$14,MATCH($E17,'INTER-1 Teams'!$A$6:$A$14,0))),""))} -> Viviam Baiz Hoang Ngoc Miguel Negron Clara Chaume
A18: 13 | B18: Ngoc | C18: Tran | D18: ntran@albertschool.com | E18: 3 | F18: vbaiz | G18: {=IF($E18="","",IFERROR(IF(INDEX('INTER-1 Teams'!$C$6:$C$14,MATCH($E18,'INTER-1 Teams'!$A$6:$A$14,0))="","— team row not filled yet —",INDEX('INTER-1 Teams'!$C$6:$C$14,MATCH($E18,'INTER-1 Teams'!$A$6:$A$14,0))),"— check the team number —"))} -> P6 · Churn-prevention support agent — project-management SaaS | H18: {=IF($E18="","",IFERROR(IF(INDEX('INTER-1 Teams'!$B$6:$B$14,MATCH($E18,'INTER-1 Teams'!$A$6:$A$14,0))="","",INDEX('INTER-1 Teams'!$B$6:$B$14,MATCH($E18,'INTER-1 Teams'!$A$6:$A$14,0))),""))} -> Viviam Baiz Hoang Ngoc Miguel Negron Clara Chaume
A19: 14 | B19: Chaume | C19: Carla | D19: cchaume@albertschool.com | E19: 3 | F19: vbaiz | G19: {=IF($E19="","",IFERROR(IF(INDEX('INTER-1 Teams'!$C$6:$C$14,MATCH($E19,'INTER-1 Teams'!$A$6:$A$14,0))="","— team row not filled yet —",INDEX('INTER-1 Teams'!$C$6:$C$14,MATCH($E19,'INTER-1 Teams'!$A$6:$A$14,0))),"— check the team number —"))} -> P6 · Churn-prevention support agent — project-management SaaS | H19: {=IF($E19="","",IFERROR(IF(INDEX('INTER-1 Teams'!$B$6:$B$14,MATCH($E19,'INTER-1 Teams'!$A$6:$A$14,0))="","",INDEX('INTER-1 Teams'!$B$6:$B$14,MATCH($E19,'INTER-1 Teams'!$A$6:$A$14,0))),""))} -> Viviam Baiz Hoang Ngoc Miguel Negron Clara Chaume
A21: 15 | B21: Reboullet | C21: Ugo | D21: ureboullet@albertschool.com | E21: 7 | F21: urbltalbert | G21: {=IF($E21="","",IFERROR(IF(INDEX('INTER-1 Teams'!$C$6:$C$14,MATCH($E21,'INTER-1 Teams'!$A$6:$A$14,0))="","— team row not filled yet —",INDEX('INTER-1 Teams'!$C$6:$C$14,MATCH($E21,'INTER-1 Teams'!$A$6:$A$14,0))),"— check the team number —"))} -> P8 · Voice-of-customer synthesis — hospitality-tech SaaS | H21: {=IF($E21="","",IFERROR(IF(INDEX('INTER-1 Teams'!$B$6:$B$14,MATCH($E21,'INTER-1 Teams'!$A$6:$A$14,0))="","",INDEX('INTER-1 Teams'!$B$6:$B$14,MATCH($E21,'INTER-1 Teams'!$A$6:$A$14,0))),""))} -> Team 7
A22: 16 | B22: Marco | C22: Clémence | D22: cmarco@albertschool.com | E22: 5 | F22: clemencemarco-prog | G22: {=IF($E22="","",IFERROR(IF(INDEX('INTER-1 Teams'!$C$6:$C$14,MATCH($E22,'INTER-1 Teams'!$A$6:$A$14,0))="","— team row not filled yet —",INDEX('INTER-1 Teams'!$C$6:$C$14,MATCH($E22,'INTER-1 Teams'!$A$6:$A$14,0))),"— check the team number —"))} -> P4 · Refund & cancellation agent — e-commerce logistics | H22: {=IF($E22="","",IFERROR(IF(INDEX('INTER-1 Teams'!$B$6:$B$14,MATCH($E22,'INTER-1 Teams'!$A$6:$A$14,0))="","",INDEX('INTER-1 Teams'!$B$6:$B$14,MATCH($E22,'INTER-1 Teams'!$A$6:$A$14,0))),""))} -> Clémence Marco Andrian Raveloarimanga
A23: 17 | B23: Raveloarimanga | C23: Rajesy Ny Andrian | D23: rraveloarimanga@albertschool.com | E23: 5 | F23: Andrianrjs | G23: {=IF($E23="","",IFERROR(IF(INDEX('INTER-1 Teams'!$C$6:$C$14,MATCH($E23,'INTER-1 Teams'!$A$6:$A$14,0))="","— team row not filled yet —",INDEX('INTER-1 Teams'!$C$6:$C$14,MATCH($E23,'INTER-1 Teams'!$A$6:$A$14,0))),"— check the team number —"))} -> P4 · Refund & cancellation agent — e-commerce logistics | H23: {=IF($E23="","",IFERROR(IF(INDEX('INTER-1 Teams'!$B$6:$B$14,MATCH($E23,'INTER-1 Teams'!$A$6:$A$14,0))="","",INDEX('INTER-1 Teams'!$B$6:$B$14,MATCH($E23,'INTER-1 Teams'!$A$6:$A$14,0))),""))} -> Clémence Marco Andrian Raveloarimanga
... A25: 19 | B25: Caquelin | C25: Louise | D25: lcaquelin@albertschool.com | E25: 4 | F25: lcaquelin | G25: {=IF($E25="","",IFERROR(IF(INDEX('INTER-1 Teams'!$C$6:$C$14,MATCH($E25,'INTER-1 Teams'!$A$6:$A$14,0))="","— team row not filled yet —",INDEX('INTER-1 Teams'!$C$6:$C$14,MATCH($E25,'INTER-1 Teams'!$A$6:$A$14,0))),"— check the team number —"))} -> P2 · Agent-assist copilot — B2B payments fintech | H25: {=IF($E25="","",IFERROR(IF(INDEX('INTER-1 Teams'!$B$6:$B$14,MATCH($E25,'INTER-1 Teams'!$A$6:$A$14,0))="","",INDEX('INTER-1 Teams'!$B$6:$B$14,MATCH($E25,'INTER-1 Teams'!$A$6:$A$14,0))),""))} -> Santiago Pastrana Louise Caquelin Saumya Joshi Dhia Ben Cheikh
A26: 20 | B26: Joshi | C26: Saumya | D26: sjoshi@albertschool.com | E26: 4 | G26: {=IF($E26="","",IFERROR(IF(INDEX('INTER-1 Teams'!$C$6:$C$14,MATCH($E26,'INTER-1 Teams'!$A$6:$A$14,0))="","— team row not filled yet —",INDEX('INTER-1 Teams'!$C$6:$C$14,MATCH($E26,'INTER-1 Teams'!$A$6:$A$14,0))),"— check the team number —"))} -> P2 · Agent-assist copilot — B2B payments fintech | H26: {=IF($E26="","",IFERROR(IF(INDEX('INTER-1 Teams'!$B$6:$B$14,MATCH($E26,'INTER-1 Teams'!$A$6:$A$14,0))="","",INDEX('INTER-1 Teams'!$B$6:$B$14,MATCH($E26,'INTER-1 Teams'!$A$6:$A$14,0))),""))} -> Santiago Pastrana Louise Caquelin Saumya Joshi Dhia Ben Cheikh
A27: 21 | G27: {=IF($E27="","",IFERROR(IF(INDEX('INTER-1 Teams'!$C$6:$C$14,MATCH($E27,'INTER-1 Teams'!$A$6:$A$14,0))="","— team row not filled yet —",INDEX('INTER-1 Teams'!$C$6:$C$14,MATCH($E27,'INTER-1 Teams'!$A$6:$A$14,0))),"— check the team number —"))} | H27: {=IF($E27="","",IFERROR(IF(INDEX('INTER-1 Teams'!$B$6:$B$14,MATCH($E27,'INTER-1 Teams'!$A$6:$A$14,0))="","",INDEX('INTER-1 Teams'!$B$6:$B$14,MATCH($E27,'INTER-1 Teams'!$A$6:$A$14,0))),""))}
A28: 22 | G28: {=IF($E28="","",IFERROR(IF(INDEX('INTER-1 Teams'!$C$6:$C$14,MATCH($E28,'INTER-1 Teams'!$A$6:$A$14,0))="","— team row not filled yet —",INDEX('INTER-1 Teams'!$C$6:$C$14,MATCH($E28,'INTER-1 Teams'!$A$6:$A$14,0))),"— check the team number —"))} | H28: {=IF($E28="","",IFERROR(IF(INDEX('INTER-1 Teams'!$B$6:$B$14,MATCH($E28,'INTER-1 Teams'!$A$6:$A$14,0))="","",INDEX('INTER-1 Teams'!$B$6:$B$14,MATCH($E28,'INTER-1 Teams'!$A$6:$A$14,0))),""))}
A29: 23 | G29: {=IF($E29="","",IFERROR(IF(INDEX('INTER-1 Teams'!$C$6:$C$14,MATCH($E29,'INTER-1 Teams'!$A$6:$A$14,0))="","— team row not filled yet —",INDEX('INTER-1 Teams'!$C$6:$C$14,MATCH($E29,'INTER-1 Teams'!$A$6:$A$14,0))),"— check the team number —"))} | H29: {=IF($E29="","",IFERROR(IF(INDEX('INTER-1 Teams'!$B$6:$B$14,MATCH($E29,'INTER-1 Teams'!$A$6:$A$14,0))="","",INDEX('INTER-1 Teams'!$B$6:$B$14,MATCH($E29,'INTER-1 Teams'!$A$6:$A$14,0))),""))}
A30: 24 | G30: {=IF($E30="","",IFERROR(IF(INDEX('INTER-1 Teams'!$C$6:$C$14,MATCH($E30,'INTER-1 Teams'!$A$6:$A$14,0))="","— team row not filled yet —",INDEX('INTER-1 Teams'!$C$6:$C$14,MATCH($E30,'INTER-1 Teams'!$A$6:$A$14,0))),"— check the team number —"))} | H30: {=IF($E30="","",IFERROR(IF(INDEX('INTER-1 Teams'!$B$6:$B$14,MATCH($E30,'INTER-1 Teams'!$A$6:$A$14,0))="","",INDEX('INTER-1 Teams'!$B$6:$B$14,MATCH($E30,'INTER-1 Teams'!$A$6:$A$14,0))),""))}
A31: 25 | G31: {=IF($E31="","",IFERROR(IF(INDEX('INTER-1 Teams'!$C$6:$C$14,MATCH($E31,'INTER-1 Teams'!$A$6:$A$14,0))="","— team row not filled yet —",INDEX('INTER-1 Teams'!$C$6:$C$14,MATCH($E31,'INTER-1 Teams'!$A$6:$A$14,0))),"— check the team number —"))} | H31: {=IF($E31="","",IFERROR(IF(INDEX('INTER-1 Teams'!$B$6:$B$14,MATCH($E31,'INTER-1 Teams'!$A$6:$A$14,0))="","",INDEX('INTER-1 Teams'!$B$6:$B$14,MATCH($E31,'INTER-1 Teams'!$A$6:$A$14,0))),""))}
A32: 26 | G32: {=IF($E32="","",IFERROR(IF(INDEX('INTER-1 Teams'!$C$6:$C$14,MATCH($E32,'INTER-1 Teams'!$A$6:$A$14,0))="","— team row not filled yet —",INDEX('INTER-1 Teams'!$C$6:$C$14,MATCH($E32,'INTER-1 Teams'!$A$6:$A$14,0))),"— check the team number —"))} | H32: {=IF($E32="","",IFERROR(IF(INDEX('INTER-1 Teams'!$B$6:$B$14,MATCH($E32,'INTER-1 Teams'!$A$6:$A$14,0))="","",INDEX('INTER-1 Teams'!$B$6:$B$14,MATCH($E32,'INTER-1 Teams'!$A$6:$A$14,0))),""))}
A33: 27 | G33: {=IF($E33="","",IFERROR(IF(INDEX('INTER-1 Teams'!$C$6:$C$14,MATCH($E33,'INTER-1 Teams'!$A$6:$A$14,0))="","— team row not filled yet —",INDEX('INTER-1 Teams'!$C$6:$C$14,MATCH($E33,'INTER-1 Teams'!$A$6:$A$14,0))),"— check the team number —"))} | H33: {=IF($E33="","",IFERROR(IF(INDEX('INTER-1 Teams'!$B$6:$B$14,MATCH($E33,'INTER-1 Teams'!$A$6:$A$14,0))="","",INDEX('INTER-1 Teams'!$B$6:$B$14,MATCH($E33,'INTER-1 Teams'!$A$6:$A$14,0))),""))}
A34: 28 | G34: {=IF($E34="","",IFERROR(IF(INDEX('INTER-1 Teams'!$C$6:$C$14,MATCH($E34,'INTER-1 Teams'!$A$6:$A$14,0))="","— team row not filled yet —",INDEX('INTER-1 Teams'!$C$6:$C$14,MATCH($E34,'INTER-1 Teams'!$A$6:$A$14,0))),"— check the team number —"))} | H34: {=IF($E34="","",IFERROR(IF(INDEX('INTER-1 Teams'!$B$6:$B$14,MATCH($E34,'INTER-1 Teams'!$A$6:$A$14,0))="","",INDEX('INTER-1 Teams'!$B$6:$B$14,MATCH($E34,'INTER-1 Teams'!$A$6:$A$14,0))),""))}
A35: 29 | G35: {=IF($E35="","",IFERROR(IF(INDEX('INTER-1 Teams'!$C$6:$C$14,MATCH($E35,'INTER-1 Teams'!$A$6:$A$14,0))="","— team row not filled yet —",INDEX('INTER-1 Teams'!$C$6:$C$14,MATCH($E35,'INTER-1 Teams'!$A$6:$A$14,0))),"— check the team number —"))} | H35: {=IF($E35="","",IFERROR(IF(INDEX('INTER-1 Teams'!$B$6:$B$14,MATCH($E35,'INTER-1 Teams'!$A$6:$A$14,0))="","",INDEX('INTER-1 Teams'!$B$6:$B$14,MATCH($E35,'INTER-1 Teams'!$A$6:$A$14,0))),""))}
A36: 30 | G36: {=IF($E36="","",IFERROR(IF(INDEX('INTER-1 Teams'!$C$6:$C$14,MATCH($E36,'INTER-1 Teams'!$A$6:$A$14,0))="","— team row not filled yet —",INDEX('INTER-1 Teams'!$C$6:$C$14,MATCH($E36,'INTER-1 Teams'!$A$6:$A$14,0))),"— check the team number —"))} | H36: {=IF($E36="","",IFERROR(IF(INDEX('INTER-1 Teams'!$B$6:$B$14,MATCH($E36,'INTER-1 Teams'!$A$6:$A$14,0))="","",INDEX('INTER-1 Teams'!$B$6:$B$14,MATCH($E36,'INTER-1 Teams'!$A$6:$A$14,0))),""))}
A37: 31 | G37: {=IF($E37="","",IFERROR(IF(INDEX('INTER-1 Teams'!$C$6:$C$14,MATCH($E37,'INTER-1 Teams'!$A$6:$A$14,0))="","— team row not filled yet —",INDEX('INTER-1 Teams'!$C$6:$C$14,MATCH($E37,'INTER-1 Teams'!$A$6:$A$14,0))),"— check the team number —"))} | H37: {=IF($E37="","",IFERROR(IF(INDEX('INTER-1 Teams'!$B$6:$B$14,MATCH($E37,'INTER-1 Teams'!$A$6:$A$14,0))="","",INDEX('INTER-1 Teams'!$B$6:$B$14,MATCH($E37,'INTER-1 Teams'!$A$6:$A$14,0))),""))}
A38: 32 | G38: {=IF($E38="","",IFERROR(IF(INDEX('INTER-1 Teams'!$C$6:$C$14,MATCH($E38,'INTER-1 Teams'!$A$6:$A$14,0))="","— team row not filled yet —",INDEX('INTER-1 Teams'!$C$6:$C$14,MATCH($E38,'INTER-1 Teams'!$A$6:$A$14,0))),"— check the team number —"))} | H38: {=IF($E38="","",IFERROR(IF(INDEX('INTER-1 Teams'!$B$6:$B$14,MATCH($E38,'INTER-1 Teams'!$A$6:$A$14,0))="","",INDEX('INTER-1 Teams'!$B$6:$B$14,MATCH($E38,'INTER-1 Teams'!$A$6:$A$14,0))),""))}
... A42: 36 | G42: {=IF($E42="","",IFERROR(IF(INDEX('INTER-1 Teams'!$C$6:$C$14,MATCH($E42,'INTER-1 Teams'!$A$6:$A$14,0))="","— team row not filled yet —",INDEX('INTER-1 Teams'!$C$6:$C$14,MATCH($E42,'INTER-1 Teams'!$A$6:$A$14,0))),"— check the team number —"))} | H42: {=IF($E42="","",IFERROR(IF(INDEX('INTER-1 Teams'!$B$6:$B$14,MATCH($E42,'INTER-1 Teams'!$A$6:$A$14,0))="","",INDEX('INTER-1 Teams'!$B$6:$B$14,MATCH($E42,'INTER-1 Teams'!$A$6:$A$14,0))),""))}
A44: Orange = this name appears twice. Not on the list and no free row? Tell the teacher.

Sheet INTER-2 Teams
A2: About 29–30 students · teams of 4–5 · one row per team, filled in by one member · then each student signs in the “INTER-2 Students” tab · yellow = fill in, grey = automatic
A4: Team # | B4: Team name | C4: Project | D4: Own project only — the agent's job in one sentence | E4: Contact person | F4: Repository link | G4: Same team in Agentic Workflows? | H4: Members
A5: e.g. | B5: Team Lighthouse | C5: P8 · Voice-of-customer synthesis — hospitality-tech SaaS | E5: Léa Martin | F5: github.com/…/lighthouse-agent | G5: yes | H5: 5
A6: 1 | B6: Côme-Oussama-Daniel (COD) | C6: P5 · Multilingual support agent — ed-tech LMS | E6: Daniel Perez | G6: No | H6: =IF(COUNTIF('INTER-2 Students'!$E$6:$E$40,A6)=0,"",COUNTIF('INTER-2 Students'!$E$6:$E$40,A6)) -> 3
A7: 2 | B7: OG Albert | C7: P1 · Tier-1 deflection — HR & payroll SaaS | E7: Alexis (dermatologue) | H7: =IF(COUNTIF('INTER-2 Students'!$E$6:$E$40,A7)=0,"",COUNTIF('INTER-2 Students'!$E$6:$E$40,A7)) -> 4
A8: 3 | B8: NAVY (Nahel, Alexandre, Vincent, Yoni) | C8: P2 · Agent-assist copilot — B2B payments fintech | E8: Vincent Lamy | G8: yes | H8: 4
A9: 4 | B9: TYN (Tom, Yannick, Nissrine) | C9: P4 · Refund & cancellation agent — e-commerce logistics | E9: Tom Bouillaguet | G9: yes | H9: =IF(COUNTIF('INTER-2 Students'!$E$6:$E$40,A9)=0,"",COUNTIF('INTER-2 Students'!$E$6:$E$40,A9)) -> 3
A10: 5 | B10: Luli, Rania, Wei-Ling, Chanelle | C10: P7 · SLA-aware prioritisation — cybersecurity SaaS | E10: Rania Mehria | G10: yes | H10: 4
A11: 6 | B11: TOES Ugo, Thomas, Feliz, Bastien | C11: Own project (bring your own — 00_pitch.md before Session 3) | D11: Agent de ticketing auto Zendesk/Dust/GCP | E11: Thomas ALAPHILIPPE | G11: yes | H11: 4
A12: 7 | H12: =IF(COUNTIF('INTER-2 Students'!$E$6:$E$40,A12)=0,"",COUNTIF('INTER-2 Students'!$E$6:$E$40,A12))
A13: 8 | B13: ALAN | C13: P6 · Churn-prevention support agent — project-management SaaS | E13: Leon Pejic | G13: yes | H13: =IF(COUNTIF('INTER-2 Students'!$E$6:$E$40,A13)=0,"",COUNTIF('INTER-2 Students'!$E$6:$E$40,A13)) -> 4
A15: Orange = check: team size not 4–5, own project without its one-sentence job, or a proposal above the limit set in Overview.

Sheet INTER-2 Students
A1: INTER-2 — students
A2: One row per student, filled in by each student · team number from the “INTER-2 Teams” tab (1–8) · the project appears automatically · yellow = fill in, grey = automatic
A4: # | B4: Last name | C4: First name | D4: School email | E4: Team # | F4: Git handle | G4: Project (automatic) | H4: Team name (automatic)
A5: e.g. | B5: Martin | C5: Léa | D5: firstname.lastname@… | E5: 1 | F5: leamartin | G5: (from the team row) | H5: (automatic)
A6: 1 | B6: Perez | C6: Daniel | D6: dperez@albertschool.com | E6: 1 | F6: danielpereztriana11 | G6: {=IF($E6="","",IFERROR(IF(INDEX('INTER-2 Teams'!$C$6:$C$13,MATCH($E6,'INTER-2 Teams'!$A$6:$A$13,0))="","— team row not filled yet —",INDEX('INTER-2 Teams'!$C$6:$C$13,MATCH($E6,'INTER-2 Teams'!$A$6:$A$13,0))),"— check the team number —"))} -> P5 · Multilingual support agent — ed-tech LMS | H6: {=IF($E6="","",IFERROR(IF(INDEX('INTER-2 Teams'!$B$6:$B$13,MATCH($E6,'INTER-2 Teams'!$A$6:$A$13,0))="","",INDEX('INTER-2 Teams'!$B$6:$B$13,MATCH($E6,'INTER-2 Teams'!$A$6:$A$13,0))),""))} -> Côme-Oussama-Daniel (COD)
A7: 3 | B7: oubenal | C7: oussama | D7: ooubenal@albertschool.com | E7: 1 | G7: {=IF($E7="","",IFERROR(IF(INDEX('INTER-2 Teams'!$C$6:$C$13,MATCH($E7,'INTER-2 Teams'!$A$6:$A$13,0))="","— team row not filled yet —",INDEX('INTER-2 Teams'!$C$6:$C$13,MATCH($E7,'INTER-2 Teams'!$A$6:$A$13,0))),"— check the team number —"))} -> P5 · Multilingual support agent — ed-tech LMS | H7: {=IF($E7="","",IFERROR(IF(INDEX('INTER-2 Teams'!$B$6:$B$13,MATCH($E7,'INTER-2 Teams'!$A$6:$A$13,0))="","",INDEX('INTER-2 Teams'!$B$6:$B$13,MATCH($E7,'INTER-2 Teams'!$A$6:$A$13,0))),""))} -> Côme-Oussama-Daniel (COD)
A8: 2 | B8: Luberne | C8: Féliz | D8: fluberne@albertschool.com | E8: 6 | F8: fefelbrn | G8: {=IF($E8="","",IFERROR(IF(INDEX('INTER-2 Teams'!$C$6:$C$13,MATCH($E8,'INTER-2 Teams'!$A$6:$A$13,0))="","— team row not filled yet —",INDEX('INTER-2 Teams'!$C$6:$C$13,MATCH($E8,'INTER-2 Teams'!$A$6:$A$13,0))),"— check the team number —"))} -> Own project (bring your own — 00_pitch.md before Session 3) | H8: {=IF($E8="","",IFERROR(IF(INDEX('INTER-2 Teams'!$B$6:$B$13,MATCH($E8,'INTER-2 Teams'!$A$6:$A$13,0))="","",INDEX('INTER-2 Teams'!$B$6:$B$13,MATCH($E8,'INTER-2 Teams'!$A$6:$A$13,0))),""))} -> TOES Ugo, Thomas, Feliz, Bastien
A9: 4 | B9: Alaphilippe | C9: Thomas | D9: talaphilippe@albertschool.com | E9: 6 | G9: {=IF($E9="","",IFERROR(IF(INDEX('INTER-2 Teams'!$C$6:$C$13,MATCH($E9,'INTER-2 Teams'!$A$6:$A$13,0))="","— team row not filled yet —",INDEX('INTER-2 Teams'!$C$6:$C$13,MATCH($E9,'INTER-2 Teams'!$A$6:$A$13,0))),"— check the team number —"))} -> Own project (bring your own — 00_pitch.md before Session 3) | H9: {=IF($E9="","",IFERROR(IF(INDEX('INTER-2 Teams'!$B$6:$B$13,MATCH($E9,'INTER-2 Teams'!$A$6:$A$13,0))="","",INDEX('INTER-2 Teams'!$B$6:$B$13,MATCH($E9,'INTER-2 Teams'!$A$6:$A$13,0))),""))} -> TOES Ugo, Thomas, Feliz, Bastien
A10: 5 | B10: Zanchi | C10: Ugo | D10: uzanchi@albertschool.com | E10: 6 | G10: {=IF($E10="","",IFERROR(IF(INDEX('INTER-2 Teams'!$C$6:$C$13,MATCH($E10,'INTER-2 Teams'!$A$6:$A$13,0))="","— team row not filled yet —",INDEX('INTER-2 Teams'!$C$6:$C$13,MATCH($E10,'INTER-2 Teams'!$A$6:$A$13,0))),"— check the team number —"))} -> Own project (bring your own — 00_pitch.md before Session 3) | H10: {=IF($E10="","",IFERROR(IF(INDEX('INTER-2 Teams'!$B$6:$B$13,MATCH($E10,'INTER-2 Teams'!$A$6:$A$13,0))="","",INDEX('INTER-2 Teams'!$B$6:$B$13,MATCH($E10,'INTER-2 Teams'!$A$6:$A$13,0))),""))} -> TOES Ugo, Thomas, Feliz, Bastien
B11: Ragueneau | C11: Bastien | D11: bragenau@albertschool.com | E11: 6 | G11: {=IF($E11="","",IFERROR(IF(INDEX('INTER-2 Teams'!$C$6:$C$13,MATCH($E11,'INTER-2 Teams'!$A$6:$A$13,0))="","— team row not filled yet —",INDEX('INTER-2 Teams'!$C$6:$C$13,MATCH($E11,'INTER-2 Teams'!$A$6:$A$13,0))),"— check the team number —"))} -> Own project (bring your own — 00_pitch.md before Session 3) | H11: {=IF($E11="","",IFERROR(IF(INDEX('INTER-2 Teams'!$B$6:$B$13,MATCH($E11,'INTER-2 Teams'!$A$6:$A$13,0))="","",INDEX('INTER-2 Teams'!$B$6:$B$13,MATCH($E11,'INTER-2 Teams'!$A$6:$A$13,0))),""))} -> TOES Ugo, Thomas, Feliz, Bastien
A12: 6 | B12: Maruyama | C12: Luli | D12: lmaruyama@albertschool.com | E12: 5 | F12: lumaruyam | G12: {=IF($E12="","",IFERROR(IF(INDEX('INTER-2 Teams'!$C$6:$C$13,MATCH($E12,'INTER-2 Teams'!$A$6:$A$13,0))="","— team row not filled yet —",INDEX('INTER-2 Teams'!$C$6:$C$13,MATCH($E12,'INTER-2 Teams'!$A$6:$A$13,0))),"— check the team number —"))} -> P7 · SLA-aware prioritisation — cybersecurity SaaS | H12: {=IF($E12="","",IFERROR(IF(INDEX('INTER-2 Teams'!$B$6:$B$13,MATCH($E12,'INTER-2 Teams'!$A$6:$A$13,0))="","",INDEX('INTER-2 Teams'!$B$6:$B$13,MATCH($E12,'INTER-2 Teams'!$A$6:$A$13,0))),""))} -> Luli, Rania, Wei-Ling, Chanelle
A13: 7 | B13: Mehria | C13: Rania | D13: rmehria@albertschool.com | E13: 5 | F13: raniamehria | G13: {=IF($E13="","",IFERROR(IF(INDEX('INTER-2 Teams'!$C$6:$C$13,MATCH($E13,'INTER-2 Teams'!$A$6:$A$13,0))="","— team row not filled yet —",INDEX('INTER-2 Teams'!$C$6:$C$13,MATCH($E13,'INTER-2 Teams'!$A$6:$A$13,0))),"— check the team number —"))} -> P7 · SLA-aware prioritisation — cybersecurity SaaS | H13: {=IF($E13="","",IFERROR(IF(INDEX('INTER-2 Teams'!$B$6:$B$13,MATCH($E13,'INTER-2 Teams'!$A$6:$A$13,0))="","",INDEX('INTER-2 Teams'!$B$6:$B$13,MATCH($E13,'INTER-2 Teams'!$A$6:$A$13,0))),""))} -> Luli, Rania, Wei-Ling, Chanelle
A14: 8 | B14: Sanchez | C14: Chanelle | D14: csanchez@albertschool.com | E14: 5 | F14: csanchez-cyber | G14: {=IF($E14="","",IFERROR(IF(INDEX('INTER-2 Teams'!$C$6:$C$13,MATCH($E14,'INTER-2 Teams'!$A$6:$A$13,0))="","— team row not filled yet —",INDEX('INTER-2 Teams'!$C$6:$C$13,MATCH($E14,'INTER-2 Teams'!$A$6:$A$13,0))),"— check the team number —"))} -> P7 · SLA-aware prioritisation — cybersecurity SaaS | H14: {=IF($E14="","",IFERROR(IF(INDEX('INTER-2 Teams'!$B$6:$B$13,MATCH($E14,'INTER-2 Teams'!$A$6:$A$13,0))="","",INDEX('INTER-2 Teams'!$B$6:$B$13,MATCH($E14,'INTER-2 Teams'!$A$6:$A$13,0))),""))} -> Luli, Rania, Wei-Ling, Chanelle
A15: 9 | B15: Hung | C15: Wei-Ling | D15: whung@albertschool.com | E15: 5 | F15: whung99 | G15: {=IF($E15="","",IFERROR(IF(INDEX('INTER-2 Teams'!$C$6:$C$13,MATCH($E15,'INTER-2 Teams'!$A$6:$A$13,0))="","— team row not filled yet —",INDEX('INTER-2 Teams'!$C$6:$C$13,MATCH($E15,'INTER-2 Teams'!$A$6:$A$13,0))),"— check the team number —"))} -> P7 · SLA-aware prioritisation — cybersecurity SaaS | H15: {=IF($E15="","",IFERROR(IF(INDEX('INTER-2 Teams'!$B$6:$B$13,MATCH($E15,'INTER-2 Teams'!$A$6:$A$13,0))="","",INDEX('INTER-2 Teams'!$B$6:$B$13,MATCH($E15,'INTER-2 Teams'!$A$6:$A$13,0))),""))} -> Luli, Rania, Wei-Ling, Chanelle
A16: 10 | B16: Martini | C16: Yannick | D16: ymartini@albertschool.com | E16: 4 | G16: {=IF($E16="","",IFERROR(IF(INDEX('INTER-2 Teams'!$C$6:$C$13,MATCH($E16,'INTER-2 Teams'!$A$6:$A$13,0))="","— team row not filled yet —",INDEX('INTER-2 Teams'!$C$6:$C$13,MATCH($E16,'INTER-2 Teams'!$A$6:$A$13,0))),"— check the team number —"))} -> P4 · Refund & cancellation agent — e-commerce logistics | H16: {=IF($E16="","",IFERROR(IF(INDEX('INTER-2 Teams'!$B$6:$B$13,MATCH($E16,'INTER-2 Teams'!$A$6:$A$13,0))="","",INDEX('INTER-2 Teams'!$B$6:$B$13,MATCH($E16,'INTER-2 Teams'!$A$6:$A$13,0))),""))} -> TYN (Tom, Yannick, Nissrine)
A17: 11 | B17: Bouillaguet | C17: Tom | D17: tbouillaguet@albertschool.com | E17: 4 | G17: {=IF($E17="","",IFERROR(IF(INDEX('INTER-2 Teams'!$C$6:$C$13,MATCH($E17,'INTER-2 Teams'!$A$6:$A$13,0))="","— team row not filled yet —",INDEX('INTER-2 Teams'!$C$6:$C$13,MATCH($E17,'INTER-2 Teams'!$A$6:$A$13,0))),"— check the team number —"))} -> P4 · Refund & cancellation agent — e-commerce logistics | H17: {=IF($E17="","",IFERROR(IF(INDEX('INTER-2 Teams'!$B$6:$B$13,MATCH($E17,'INTER-2 Teams'!$A$6:$A$13,0))="","",INDEX('INTER-2 Teams'!$B$6:$B$13,MATCH($E17,'INTER-2 Teams'!$A$6:$A$13,0))),""))} -> TYN (Tom, Yannick, Nissrine)
A18: 12 | B18: Ifih | C18: Nissrine | D18: nifih@albertschool.com | E18: 4 | G18: {=IF($E18="","",IFERROR(IF(INDEX('INTER-2 Teams'!$C$6:$C$13,MATCH($E18,'INTER-2 Teams'!$A$6:$A$13,0))="","— team row not filled yet —",INDEX('INTER-2 Teams'!$C$6:$C$13,MATCH($E18,'INTER-2 Teams'!$A$6:$A$13,0))),"— check the team number —"))} -> P4 · Refund & cancellation agent — e-commerce logistics | H18: {=IF($E18="","",IFERROR(IF(INDEX('INTER-2 Teams'!$B$6:$B$13,MATCH($E18,'INTER-2 Teams'!$A$6:$A$13,0))="","",INDEX('INTER-2 Teams'!$B$6:$B$13,MATCH($E18,'INTER-2 Teams'!$A$6:$A$13,0))),""))} -> TYN (Tom, Yannick, Nissrine)
A19: 13 | B19: Pietri | C19: Colin | D19: cpietri@albertschool.com | E19: 2 | G19: {=IF($E19="","",IFERROR(IF(INDEX('INTER-2 Teams'!$C$6:$C$13,MATCH($E19,'INTER-2 Teams'!$A$6:$A$13,0))="","— team row not filled yet —",INDEX('INTER-2 Teams'!$C$6:$C$13,MATCH($E19,'INTER-2 Teams'!$A$6:$A$13,0))),"— check the team number —"))} -> P1 · Tier-1 deflection — HR & payroll SaaS | H19: {=IF($E19="","",IFERROR(IF(INDEX('INTER-2 Teams'!$B$6:$B$13,MATCH($E19,'INTER-2 Teams'!$A$6:$A$13,0))="","",INDEX('INTER-2 Teams'!$B$6:$B$13,MATCH($E19,'INTER-2 Teams'!$A$6:$A$13,0))),""))} -> OG Albert
A20: 14 | B20: Meimoun | C20: Mathis | D20: mmeimoun@albertschool.com | E20: 2 | G20: {=IF($E20="","",IFERROR(IF(INDEX('INTER-2 Teams'!$C$6:$C$13,MATCH($E20,'INTER-2 Teams'!$A$6:$A$13,0))="","— team row not filled yet —",INDEX('INTER-2 Teams'!$C$6:$C$13,MATCH($E20,'INTER-2 Teams'!$A$6:$A$13,0))),"— check the team number —"))} -> P1 · Tier-1 deflection — HR & payroll SaaS | H20: {=IF($E20="","",IFERROR(IF(INDEX('INTER-2 Teams'!$B$6:$B$13,MATCH($E20,'INTER-2 Teams'!$A$6:$A$13,0))="","",INDEX('INTER-2 Teams'!$B$6:$B$13,MATCH($E20,'INTER-2 Teams'!$A$6:$A$13,0))),""))} -> OG Albert
A21: 15 | B21: Maeder | C21: Alexis | D21: amaeder@albertschool.com | E21: 2 | G21: {=IF($E21="","",IFERROR(IF(INDEX('INTER-2 Teams'!$C$6:$C$13,MATCH($E21,'INTER-2 Teams'!$A$6:$A$13,0))="","— team row not filled yet —",INDEX('INTER-2 Teams'!$C$6:$C$13,MATCH($E21,'INTER-2 Teams'!$A$6:$A$13,0))),"— check the team number —"))} -> P1 · Tier-1 deflection — HR & payroll SaaS | H21: {=IF($E21="","",IFERROR(IF(INDEX('INTER-2 Teams'!$B$6:$B$13,MATCH($E21,'INTER-2 Teams'!$A$6:$A$13,0))="","",INDEX('INTER-2 Teams'!$B$6:$B$13,MATCH($E21,'INTER-2 Teams'!$A$6:$A$13,0))),""))} -> OG Albert
B22: Brunet | C22: Lou | D22: lbrunet@albertschool.com | E22: 2 | G22: {=IF($E22="","",IFERROR(IF(INDEX('INTER-2 Teams'!$C$6:$C$13,MATCH($E22,'INTER-2 Teams'!$A$6:$A$13,0))="","— team row not filled yet —",INDEX('INTER-2 Teams'!$C$6:$C$13,MATCH($E22,'INTER-2 Teams'!$A$6:$A$13,0))),"— check the team number —"))} -> P1 · Tier-1 deflection — HR & payroll SaaS | H22: {=IF($E22="","",IFERROR(IF(INDEX('INTER-2 Teams'!$B$6:$B$13,MATCH($E22,'INTER-2 Teams'!$A$6:$A$13,0))="","",INDEX('INTER-2 Teams'!$B$6:$B$13,MATCH($E22,'INTER-2 Teams'!$A$6:$A$13,0))),""))} -> OG Albert
A23: 16 | B23: BOnneviale | C23: come | D23: c.bonneviale@albertschool.com | E23: 1 | G23: {=IF($E23="","",IFERROR(IF(INDEX('INTER-2 Teams'!$C$6:$C$13,MATCH($E23,'INTER-2 Teams'!$A$6:$A$13,0))="","— team row not filled yet —",INDEX('INTER-2 Teams'!$C$6:$C$13,MATCH($E23,'INTER-2 Teams'!$A$6:$A$13,0))),"— check the team number —"))} -> P5 · Multilingual support agent — ed-tech LMS | H23: {=IF($E23="","",IFERROR(IF(INDEX('INTER-2 Teams'!$B$6:$B$13,MATCH($E23,'INTER-2 Teams'!$A$6:$A$13,0))="","",INDEX('INTER-2 Teams'!$B$6:$B$13,MATCH($E23,'INTER-2 Teams'!$A$6:$A$13,0))),""))} -> Côme-Oussama-Daniel (COD)
A24: 17 | B24: Pejic | C24: Léon | D24: lpejic@albertschool.com | E24: 8 | F24: leonkingofjungle | G24: {=IF($E24="","",IFERROR(IF(INDEX('INTER-2 Teams'!$C$6:$C$13,MATCH($E24,'INTER-2 Teams'!$A$6:$A$13,0))="","— team row not filled yet —",INDEX('INTER-2 Teams'!$C$6:$C$13,MATCH($E24,'INTER-2 Teams'!$A$6:$A$13,0))),"— check the team number —"))} -> P6 · Churn-prevention support agent — project-management SaaS | H24: {=IF($E24="","",IFERROR(IF(INDEX('INTER-2 Teams'!$B$6:$B$13,MATCH($E24,'INTER-2 Teams'!$A$6:$A$13,0))="","",INDEX('INTER-2 Teams'!$B$6:$B$13,MATCH($E24,'INTER-2 Teams'!$A$6:$A$13,0))),""))} -> ALAN
A25: 18 | B25: Mouttapa | C25: Aymeric | D25: amouttapa@albertschool.com | E25: 8 | F25: AymericMtp | G25: {=IF($E25="","",IFERROR(IF(INDEX('INTER-2 Teams'!$C$6:$C$13,MATCH($E25,'INTER-2 Teams'!$A$6:$A$13,0))="","— team row not filled yet —",INDEX('INTER-2 Teams'!$C$6:$C$13,MATCH($E25,'INTER-2 Teams'!$A$6:$A$13,0))),"— check the team number —"))} -> P6 · Churn-prevention support agent — project-management SaaS | H25: {=IF($E25="","",IFERROR(IF(INDEX('INTER-2 Teams'!$B$6:$B$13,MATCH($E25,'INTER-2 Teams'!$A$6:$A$13,0))="","",INDEX('INTER-2 Teams'!$B$6:$B$13,MATCH($E25,'INTER-2 Teams'!$A$6:$A$13,0))),""))} -> ALAN
A26: 19 | B26: Gilhodes | C26: Nicolas | D26: ngilhodes@albertschool.com | E26: 8 | F26: ngilhodes-netizen | G26: {=IF($E26="","",IFERROR(IF(INDEX('INTER-2 Teams'!$C$6:$C$13,MATCH($E26,'INTER-2 Teams'!$A$6:$A$13,0))="","— team row not filled yet —",INDEX('INTER-2 Teams'!$C$6:$C$13,MATCH($E26,'INTER-2 Teams'!$A$6:$A$13,0))),"— check the team number —"))} -> P6 · Churn-prevention support agent — project-management SaaS | H26: {=IF($E26="","",IFERROR(IF(INDEX('INTER-2 Teams'!$B$6:$B$13,MATCH($E26,'INTER-2 Teams'!$A$6:$A$13,0))="","",INDEX('INTER-2 Teams'!$B$6:$B$13,MATCH($E26,'INTER-2 Teams'!$A$6:$A$13,0))),""))} -> ALAN
A27: 20 | B27: Lavialle | C27: Ange | D27: alavialle@albertschool.com | E27: 8 | F27: Lavialle | G27: {=IF($E27="","",IFERROR(IF(INDEX('INTER-2 Teams'!$C$6:$C$13,MATCH($E27,'INTER-2 Teams'!$A$6:$A$13,0))="","— team row not filled yet —",INDEX('INTER-2 Teams'!$C$6:$C$13,MATCH($E27,'INTER-2 Teams'!$A$6:$A$13,0))),"— check the team number —"))} -> P6 · Churn-prevention support agent — project-management SaaS | H27: {=IF($E27="","",IFERROR(IF(INDEX('INTER-2 Teams'!$B$6:$B$13,MATCH($E27,'INTER-2 Teams'!$A$6:$A$13,0))="","",INDEX('INTER-2 Teams'!$B$6:$B$13,MATCH($E27,'INTER-2 Teams'!$A$6:$A$13,0))),""))} -> ALAN
A28: 21 | B28: Waerniers | C28: Alexandre | D28: awaerniers@albertschool.com | E28: 3 | F28: Xenodion | G28: {=IF($E28="","",IFERROR(IF(INDEX('INTER-2 Teams'!$C$6:$C$13,MATCH($E28,'INTER-2 Teams'!$A$6:$A$13,0))="","— team row not filled yet —",INDEX('INTER-2 Teams'!$C$6:$C$13,MATCH($E28,'INTER-2 Teams'!$A$6:$A$13,0))),"— check the team number —"))} -> P2 · Agent-assist copilot — B2B payments fintech | H28: {=IF($E28="","",IFERROR(IF(INDEX('INTER-2 Teams'!$B$6:$B$13,MATCH($E28,'INTER-2 Teams'!$A$6:$A$13,0))="","",INDEX('INTER-2 Teams'!$B$6:$B$13,MATCH($E28,'INTER-2 Teams'!$A$6:$A$13,0))),""))} -> NAVY (Nahel, Alexandre, Vincent, Yoni)
A29: 22 | G29: {=IF($E29="","",IFERROR(IF(INDEX('INTER-2 Teams'!$C$6:$C$13,MATCH($E29,'INTER-2 Teams'!$A$6:$A$13,0))="","— team row not filled yet —",INDEX('INTER-2 Teams'!$C$6:$C$13,MATCH($E29,'INTER-2 Teams'!$A$6:$A$13,0))),"— check the team number —"))} | H29: {=IF($E29="","",IFERROR(IF(INDEX('INTER-2 Teams'!$B$6:$B$13,MATCH($E29,'INTER-2 Teams'!$A$6:$A$13,0))="","",INDEX('INTER-2 Teams'!$B$6:$B$13,MATCH($E29,'INTER-2 Teams'!$A$6:$A$13,0))),""))}
A30: 23 | G30: {=IF($E30="","",IFERROR(IF(INDEX('INTER-2 Teams'!$C$6:$C$13,MATCH($E30,'INTER-2 Teams'!$A$6:$A$13,0))="","— team row not filled yet —",INDEX('INTER-2 Teams'!$C$6:$C$13,MATCH($E30,'INTER-2 Teams'!$A$6:$A$13,0))),"— check the team number —"))} | H30: {=IF($E30="","",IFERROR(IF(INDEX('INTER-2 Teams'!$B$6:$B$13,MATCH($E30,'INTER-2 Teams'!$A$6:$A$13,0))="","",INDEX('INTER-2 Teams'!$B$6:$B$13,MATCH($E30,'INTER-2 Teams'!$A$6:$A$13,0))),""))}
A31: 24 | G31: {=IF($E31="","",IFERROR(IF(INDEX('INTER-2 Teams'!$C$6:$C$13,MATCH($E31,'INTER-2 Teams'!$A$6:$A$13,0))="","— team row not filled yet —",INDEX('INTER-2 Teams'!$C$6:$C$13,MATCH($E31,'INTER-2 Teams'!$A$6:$A$13,0))),"— check the team number —"))} | H31: {=IF($E31="","",IFERROR(IF(INDEX('INTER-2 Teams'!$B$6:$B$13,MATCH($E31,'INTER-2 Teams'!$A$6:$A$13,0))="","",INDEX('INTER-2 Teams'!$B$6:$B$13,MATCH($E31,'INTER-2 Teams'!$A$6:$A$13,0))),""))}
A32: 25 | G32: {=IF($E32="","",IFERROR(IF(INDEX('INTER-2 Teams'!$C$6:$C$13,MATCH($E32,'INTER-2 Teams'!$A$6:$A$13,0))="","— team row not filled yet —",INDEX('INTER-2 Teams'!$C$6:$C$13,MATCH($E32,'INTER-2 Teams'!$A$6:$A$13,0))),"— check the team number —"))} | H32: {=IF($E32="","",IFERROR(IF(INDEX('INTER-2 Teams'!$B$6:$B$13,MATCH($E32,'INTER-2 Teams'!$A$6:$A$13,0))="","",INDEX('INTER-2 Teams'!$B$6:$B$13,MATCH($E32,'INTER-2 Teams'!$A$6:$A$13,0))),""))}
A33: 26 | G33: {=IF($E33="","",IFERROR(IF(INDEX('INTER-2 Teams'!$C$6:$C$13,MATCH($E33,'INTER-2 Teams'!$A$6:$A$13,0))="","— team row not filled yet —",INDEX('INTER-2 Teams'!$C$6:$C$13,MATCH($E33,'INTER-2 Teams'!$A$6:$A$13,0))),"— check the team number —"))} | H33: {=IF($E33="","",IFERROR(IF(INDEX('INTER-2 Teams'!$B$6:$B$13,MATCH($E33,'INTER-2 Teams'!$A$6:$A$13,0))="","",INDEX('INTER-2 Teams'!$B$6:$B$13,MATCH($E33,'INTER-2 Teams'!$A$6:$A$13,0))),""))}
A34: 27 | G34: {=IF($E34="","",IFERROR(IF(INDEX('INTER-2 Teams'!$C$6:$C$13,MATCH($E34,'INTER-2 Teams'!$A$6:$A$13,0))="","— team row not filled yet —",INDEX('INTER-2 Teams'!$C$6:$C$13,MATCH($E34,'INTER-2 Teams'!$A$6:$A$13,0))),"— check the team number —"))} | H34: {=IF($E34="","",IFERROR(IF(INDEX('INTER-2 Teams'!$B$6:$B$13,MATCH($E34,'INTER-2 Teams'!$A$6:$A$13,0))="","",INDEX('INTER-2 Teams'!$B$6:$B$13,MATCH($E34,'INTER-2 Teams'!$A$6:$A$13,0))),""))}
A35: 28 | G35: {=IF($E35="","",IFERROR(IF(INDEX('INTER-2 Teams'!$C$6:$C$13,MATCH($E35,'INTER-2 Teams'!$A$6:$A$13,0))="","— team row not filled yet —",INDEX('INTER-2 Teams'!$C$6:$C$13,MATCH($E35,'INTER-2 Teams'!$A$6:$A$13,0))),"— check the team number —"))} | H35: {=IF($E35="","",IFERROR(IF(INDEX('INTER-2 Teams'!$B$6:$B$13,MATCH($E35,'INTER-2 Teams'!$A$6:$A$13,0))="","",INDEX('INTER-2 Teams'!$B$6:$B$13,MATCH($E35,'INTER-2 Teams'!$A$6:$A$13,0))),""))}
A36: 29 | G36: {=IF($E36="","",IFERROR(IF(INDEX('INTER-2 Teams'!$C$6:$C$13,MATCH($E36,'INTER-2 Teams'!$A$6:$A$13,0))="","— team row not filled yet —",INDEX('INTER-2 Teams'!$C$6:$C$13,MATCH($E36,'INTER-2 Teams'!$A$6:$A$13,0))),"— check the team number —"))} | H36: {=IF($E36="","",IFERROR(IF(INDEX('INTER-2 Teams'!$B$6:$B$13,MATCH($E36,'INTER-2 Teams'!$A$6:$A$13,0))="","",INDEX('INTER-2 Teams'!$B$6:$B$13,MATCH($E36,'INTER-2 Teams'!$A$6:$A$13,0))),""))}
A37: 30 | G37: {=IF($E37="","",IFERROR(IF(INDEX('INTER-2 Teams'!$C$6:$C$13,MATCH($E37,'INTER-2 Teams'!$A$6:$A$13,0))="","— team row not filled yet —",INDEX('INTER-2 Teams'!$C$6:$C$13,MATCH($E37,'INTER-2 Teams'!$A$6:$A$13,0))),"— check the team number —"))} | H37: {=IF($E37="","",IFERROR(IF(INDEX('INTER-2 Teams'!$B$6:$B$13,MATCH($E37,'INTER-2 Teams'!$A$6:$A$13,0))="","",INDEX('INTER-2 Teams'!$B$6:$B$13,MATCH($E37,'INTER-2 Teams'!$A$6:$A$13,0))),""))}
A38: 31 | G38: {=IF($E38="","",IFERROR(IF(INDEX('INTER-2 Teams'!$C$6:$C$13,MATCH($E38,'INTER-2 Teams'!$A$6:$A$13,0))="","— team row not filled yet —",INDEX('INTER-2 Teams'!$C$6:$C$13,MATCH($E38,'INTER-2 Teams'!$A$6:$A$13,0))),"— check the team number —"))} | H38: {=IF($E38="","",IFERROR(IF(INDEX('INTER-2 Teams'!$B$6:$B$13,MATCH($E38,'INTER-2 Teams'!$A$6:$A$13,0))="","",INDEX('INTER-2 Teams'!$B$6:$B$13,MATCH($E38,'INTER-2 Teams'!$A$6:$A$13,0))),""))}
A39: 32 | G39: {=IF($E39="","",IFERROR(IF(INDEX('INTER-2 Teams'!$C$6:$C$13,MATCH($E39,'INTER-2 Teams'!$A$6:$A$13,0))="","— team row not filled yet —",INDEX('INTER-2 Teams'!$C$6:$C$13,MATCH($E39,'INTER-2 Teams'!$A$6:$A$13,0))),"— check the team number —"))} | H39: {=IF($E39="","",IFERROR(IF(INDEX('INTER-2 Teams'!$B$6:$B$13,MATCH($E39,'INTER-2 Teams'!$A$6:$A$13,0))="","",INDEX('INTER-2 Teams'!$B$6:$B$13,MATCH($E39,'INTER-2 Teams'!$A$6:$A$13,0))),""))}
A40: 33 | G40: {=IF($E40="","",IFERROR(IF(INDEX('INTER-2 Teams'!$C$6:$C$13,MATCH($E40,'INTER-2 Teams'!$A$6:$A$13,0))="","— team row not filled yet —",INDEX('INTER-2 Teams'!$C$6:$C$13,MATCH($E40,'INTER-2 Teams'!$A$6:$A$13,0))),"— check the team number —"))} | H40: {=IF($E40="","",IFERROR(IF(INDEX('INTER-2 Teams'!$B$6:$B$13,MATCH($E40,'INTER-2 Teams'!$A$6:$A$13,0))="","",INDEX('INTER-2 Teams'!$B$6:$B$13,MATCH($E40,'INTER-2 Teams'!$A$6:$A$13,0))),""))}
A42: Orange = this name appears twice. Not on the list and no free row? Tell the teacher.

Sheet Overview
A1: Overview — who chose what (automatic)
A2: For the teacher. Only C4 is editable.
A4: Maximum number of teams per proposal, in each cohort | C4: 2 | E4: Teams above this limit are highlighted in the cohort tabs (Own project is never capped).
A6: Project | B6: INTER-1 teams | C6: INTER-2 teams | D6: Total
A7: =Projects!B5 -> P1 · Tier-1 deflection — HR & payroll SaaS | B7: =COUNTIF('INTER-1 Teams'!$C$6:$C$14,$A7) -> 1 | C7: =COUNTIF('INTER-2 Teams'!$C$6:$C$13,$A7) -> 1 | D7: =B7+C7 -> 2
A8: =Projects!B6 -> P2 · Agent-assist copilot — B2B payments fintech | B8: =COUNTIF('INTER-1 Teams'!$C$6:$C$14,$A8) -> 1 | C8: =COUNTIF('INTER-2 Teams'!$C$6:$C$13,$A8) -> 1 | D8: =B8+C8 -> 2
A9: =Projects!B7 -> P3 · Proactive incident communicator — DevOps SaaS | B9: =COUNTIF('INTER-1 Teams'!$C$6:$C$14,$A9) -> 1 | C9: =COUNTIF('INTER-2 Teams'!$C$6:$C$13,$A9) -> 0 | D9: =B9+C9 -> 1
A10: =Projects!B8 -> P4 · Refund & cancellation agent — e-commerce logistics | B10: =COUNTIF('INTER-1 Teams'!$C$6:$C$14,$A10) -> 1 | C10: =COUNTIF('INTER-2 Teams'!$C$6:$C$13,$A10) -> 1 | D10: =B10+C10 -> 2
A11: =Projects!B9 -> P5 · Multilingual support agent — ed-tech LMS | B11: =COUNTIF('INTER-1 Teams'!$C$6:$C$14,$A11) -> 0 | C11: =COUNTIF('INTER-2 Teams'!$C$6:$C$13,$A11) -> 1 | D11: =B11+C11 -> 1
A12: =Projects!B10 -> P6 · Churn-prevention support agent — project-management SaaS | B12: =COUNTIF('INTER-1 Teams'!$C$6:$C$14,$A12) -> 1 | C12: =COUNTIF('INTER-2 Teams'!$C$6:$C$13,$A12) -> 1 | D12: =B12+C12 -> 2
A13: =Projects!B11 -> P7 · SLA-aware prioritisation — cybersecurity SaaS | B13: =COUNTIF('INTER-1 Teams'!$C$6:$C$14,$A13) -> 0 | C13: =COUNTIF('INTER-2 Teams'!$C$6:$C$13,$A13) -> 1 | D13: =B13+C13 -> 1
A14: =Projects!B12 -> P8 · Voice-of-customer synthesis — hospitality-tech SaaS | B14: =COUNTIF('INTER-1 Teams'!$C$6:$C$14,$A14) -> 1 | C14: =COUNTIF('INTER-2 Teams'!$C$6:$C$13,$A14) -> 0 | D14: =B14+C14 -> 1
A15: =Projects!B13 -> Own project (bring your own — 00_pitch.md before Session 3) | B15: =COUNTIF('INTER-1 Teams'!$C$6:$C$14,$A15) -> 2 | C15: =COUNTIF('INTER-2 Teams'!$C$6:$C$13,$A15) -> 1 | D15: =B15+C15 -> 3
A17: Per cohort | B17: INTER-1 | C17: INTER-2
A18: Students signed up | B18: =COUNTA('INTER-1 Students'!$B$6:$B$42) -> 19 | C18: =COUNTA('INTER-2 Students'!$B$6:$B$40) -> 23
A19: …of whom without a team number | B19: =COUNTIFS('INTER-1 Students'!$B$6:$B$42,"<>",'INTER-1 Students'!$E$6:$E$42,"") -> 0 | C19: =COUNTIFS('INTER-2 Students'!$B$6:$B$40,"<>",'INTER-2 Students'!$E$6:$E$40,"") -> 0
A20: Teams with a project chosen | B20: =COUNTA('INTER-1 Teams'!$C$6:$C$14) -> 9 | C20: =COUNTA('INTER-2 Teams'!$C$6:$C$13) -> 7
A21: Teams with 4–5 members | B21: =COUNTIFS('INTER-1 Teams'!$H$6:$H$14,">=4",'INTER-1 Teams'!$H$6:$H$14,"<=5") -> 5 | C21: =COUNTIFS('INTER-2 Teams'!$H$6:$H$13,">=4",'INTER-2 Teams'!$H$6:$H$13,"<=5") -> 5
A22: Teams on their own project | B22: =COUNTIF('INTER-1 Teams'!$C$6:$C$14,"Own*") -> 2 | C22: =COUNTIF('INTER-2 Teams'!$C$6:$C$13,"Own*") -> 1
